track_id,track_name,spotify_url,lyrics,cover_image_url
0vNPJrUrBnMFdCs8b2MTNG,Fader,https://open.spotify.com/track/0vNPJrUrBnMFdCs8b2MTNG,,https://i.scdn.co/image/ab67616d0000b273f86ae86dfa3919c5acba68f0
0NpvdCO506uO58D4AbKzki,Sherry,https://open.spotify.com/track/0NpvdCO506uO58D4AbKzki,,https://i.scdn.co/image/ab67616d0000b273b96c21e15c091eb98a6c88a4
1MtUq6Wp1eQ8PC6BbPCj8P,I Took A Pill In Ibiza - Seeb Remix,https://open.spotify.com/track/1MtUq6Wp1eQ8PC6BbPCj8P,,https://i.scdn.co/image/ab67616d0000b273a19be7aca4a1fcd6e8a42c62
59lq75uFIqzUZcgZ4CbqFG,Let Go for Tonight,https://open.spotify.com/track/59lq75uFIqzUZcgZ4CbqFG,,https://i.scdn.co/image/ab67616d0000b273ae5c7d20a58c6071b4571eff
7KdcZQ3GJeGdserhK61kfv,The Way I Want To Touch You,https://open.spotify.com/track/7KdcZQ3GJeGdserhK61kfv,,https://i.scdn.co/image/ab67616d0000b273e21a289d04d5f3d623807bee
000xQL6tZNLJzIrtIgxqSl,Still Got Time (feat. PARTYNEXTDOOR),https://open.spotify.com/track/000xQL6tZNLJzIrtIgxqSl,,https://i.scdn.co/image/ab67616d0000b2733bfd914f72da2ed8822a634f
46xkXPGjR9Ig9BcaTUNus3,Your Song,https://open.spotify.com/track/46xkXPGjR9Ig9BcaTUNus3,,https://i.scdn.co/image/ab67616d0000b273f1b136eb0388414a8225a348
7LVHVU3tWfcxj5aiPFEW4Q,Fix You,https://open.spotify.com/track/7LVHVU3tWfcxj5aiPFEW4Q,,https://i.scdn.co/image/ab67616d0000b2734e0362c225863f6ae2432651
1s2khOWzC99udpUaPICLJI,There You'll Be - 2007 Remaster,https://open.spotify.com/track/1s2khOWzC99udpUaPICLJI,,https://i.scdn.co/image/ab67616d0000b2733ee43d5dbf7da3e65be844b3
2sXp9Qmvc7mRaDBjBgcGGi,Every Breath You Take - Remastered 2003,https://open.spotify.com/track/2sXp9Qmvc7mRaDBjBgcGGi,,https://i.scdn.co/image/ab67616d0000b273e7b53d0f9fb616521cdbfc03
6d7PQZtTbHbcYqaygOW7vs,You're the Inspiration - 2009 Remaster,https://open.spotify.com/track/6d7PQZtTbHbcYqaygOW7vs,,https://i.scdn.co/image/ab67616d0000b27307ba5bdcf5ca1a9628dadc93
0Lg4ckCFjFUeyHOeSozcWS,"The Key, The Secret",https://open.spotify.com/track/0Lg4ckCFjFUeyHOeSozcWS,,https://i.scdn.co/image/ab67616d0000b273213d4607bc4ec16c452b153d
5Q41NLTmGbVPozwHKK7bk2,Paradise City,https://open.spotify.com/track/5Q41NLTmGbVPozwHKK7bk2,,https://i.scdn.co/image/ab67616d0000b273c8e5391a619e9e8ea2162073
5sgVguJJlA7thC8ybAFOo5,Tonight I'm Yours (Don't Hurt Me),https://open.spotify.com/track/5sgVguJJlA7thC8ybAFOo5,,https://i.scdn.co/image/ab67616d0000b273abc644f6ad5483eb22acd51f
43wMcgNk8o3Qx7jxg3Lkfo,You Were On My Mind,https://open.spotify.com/track/43wMcgNk8o3Qx7jxg3Lkfo,,https://i.scdn.co/image/ab67616d0000b273abebb380cdd43ea2eac542ba
2Foc5Q5nqNiosCNqttzHof,Get Lucky (Radio Edit) [feat. Pharrell Williams and Nile Rodgers],https://open.spotify.com/track/2Foc5Q5nqNiosCNqttzHof,,https://i.scdn.co/image/ab67616d0000b2731d5cf960a92bb8b03fc2be7f
6LZOgBvntXL1egqIHHPnhn,Party,https://open.spotify.com/track/6LZOgBvntXL1egqIHHPnhn,,https://i.scdn.co/image/ab67616d0000b27383f1760b296c770872f11776
5ma71INSTL8sY1HzjVBj2g,Riptide,https://open.spotify.com/track/5ma71INSTL8sY1HzjVBj2g,,https://i.scdn.co/image/ab67616d0000b273bcf5a4f38fba7a4bceef0591
2SBQBV1atDy4tbEfGicT7u,Heartaches By The Number,https://open.spotify.com/track/2SBQBV1atDy4tbEfGicT7u,,https://i.scdn.co/image/ab67616d0000b273ee642915bf7d424d4ad73548
5AhRNIjYPBleR1lfHphcrE,The Edge of Heaven,https://open.spotify.com/track/5AhRNIjYPBleR1lfHphcrE,,https://i.scdn.co/image/ab67616d0000b27347a1c7bc033eaab417db698b
2RiJYFyzmE4a5xYV7n7sgI,Shouldâ€™ve Been Us,https://open.spotify.com/track/2RiJYFyzmE4a5xYV7n7sgI,,https://i.scdn.co/image/ab67616d0000b273813b123f5b37b2c80f6eefbd
7g7OshelYRRnOSEMmisJVI,Clap Your Hands,https://open.spotify.com/track/7g7OshelYRRnOSEMmisJVI,,https://i.scdn.co/image/ab67616d0000b2739f93d1c32d39d12312d25a68
1t4I9xuq9Mgdq4SR5hV8p5,Good Clean Fun,https://open.spotify.com/track/1t4I9xuq9Mgdq4SR5hV8p5,,https://i.scdn.co/image/ab67616d0000b27336b4638f70c2c6e52f2c3154
6ER7Wg69KVV8Vrb1Bln3Cr,Teach Me How to Fly,https://open.spotify.com/track/6ER7Wg69KVV8Vrb1Bln3Cr,,https://i.scdn.co/image/ab67616d0000b273a6f173ddeeeca55fc54cddf3
7zCaXeBaRwCSQ9JJvop7OL,Together We Are One - Radio Mix,https://open.spotify.com/track/7zCaXeBaRwCSQ9JJvop7OL,,https://i.scdn.co/image/ab67616d0000b273a1cc359c41d495f5aad8176f
656xZ2pwfA1J59EMussJOK,No Secrets,https://open.spotify.com/track/656xZ2pwfA1J59EMussJOK,,https://i.scdn.co/image/ab67616d0000b273826a430afccd21d8c8bfa3ee
2skmOCFU64Bg7Ytkgwliwe,All For You,https://open.spotify.com/track/2skmOCFU64Bg7Ytkgwliwe,,https://i.scdn.co/image/ab67616d0000b273ec9714658411bb44e6bbf798
7nQqn8ZyaQdlBQPZ6KbT24,Special,https://open.spotify.com/track/7nQqn8ZyaQdlBQPZ6KbT24,,https://i.scdn.co/image/ab67616d0000b273784e24a8187974037ecd4b45
5qnqVH96GFq3Qo71lEkFT5,Saturday Sun,https://open.spotify.com/track/5qnqVH96GFq3Qo71lEkFT5,,https://i.scdn.co/image/ab67616d0000b2730301c4c2b4fc7299df04cbf6
6TBUBqz21JmF2hkeRbnwme,Montego Bay,https://open.spotify.com/track/6TBUBqz21JmF2hkeRbnwme,,https://i.scdn.co/image/ab67616d0000b2732c457d4d053065310063d791
5qNh5WtzMbfpSj2jLlBkoD,Your Power,https://open.spotify.com/track/5qNh5WtzMbfpSj2jLlBkoD,,https://i.scdn.co/image/ab67616d0000b273ba4cad4533efdd06fa843a39
3u5vKV8Jr3XON1QWz1lUbP,Talk of the Town,https://open.spotify.com/track/3u5vKV8Jr3XON1QWz1lUbP,,https://i.scdn.co/image/ab67616d0000b2733a1db30857beb481aa6e5345
7MXVkk9YMctZqd1Srtv4MB,Starboy,https://open.spotify.com/track/7MXVkk9YMctZqd1Srtv4MB,,https://i.scdn.co/image/ab67616d0000b2734718e2b124f79258be7bc452
3J19l4hOfwFFIF715BwVcG,Anthem for the Year 2000,https://open.spotify.com/track/3J19l4hOfwFFIF715BwVcG,,https://i.scdn.co/image/ab67616d0000b27302629081ad3b70375352dd19
39C5FuZ8C8M0QI8CrMsPkR,Foreplay / Long Time,https://open.spotify.com/track/39C5FuZ8C8M0QI8CrMsPkR,,https://i.scdn.co/image/ab67616d0000b2738c1fadcc997a65384f34d694
3KhIpPRbkjr3p1eJkD51dj,New Romantics,https://open.spotify.com/track/3KhIpPRbkjr3p1eJkD51dj,,https://i.scdn.co/image/ab67616d0000b273eb4ef60f82fdc4b489ac1950
2l1GIxmkts2O0qYrlwGwF0,She - Original Stereo Version; 2006 Remaster,https://open.spotify.com/track/2l1GIxmkts2O0qYrlwGwF0,,https://i.scdn.co/image/ab67616d0000b273360a1ae790aa71a0aac4983e
1EuI95kVxZYLbENy8d6AOI,I'm Good?,https://open.spotify.com/track/1EuI95kVxZYLbENy8d6AOI,,https://i.scdn.co/image/ab67616d0000b273a8d3c84f750d5fff1745217c
7Dm3dV3WPNdTgxoNY7YFnc,The Chain - 2004 Remaster,https://open.spotify.com/track/7Dm3dV3WPNdTgxoNY7YFnc,,https://i.scdn.co/image/ab67616d0000b27357df7ce0eac715cf70e519a7
0Pu71wxadDlB8fJXfjIjeJ,Shoop,https://open.spotify.com/track/0Pu71wxadDlB8fJXfjIjeJ,,https://i.scdn.co/image/ab67616d0000b27331ac4ea81876d18519e4b6eb
5PLC7cNlxWIMAZvXrtqsZm,Trouble,https://open.spotify.com/track/5PLC7cNlxWIMAZvXrtqsZm,,https://i.scdn.co/image/ab67616d0000b273e3804561af7c7d89f084a207
4stNldZRtgwvHvb34INX5y,You Got Me,https://open.spotify.com/track/4stNldZRtgwvHvb34INX5y,,https://i.scdn.co/image/ab67616d0000b273a87067e5e25b863774b0691c
5LenBcq9xeHLC00Gn7AyYv,I Am the Beat,https://open.spotify.com/track/5LenBcq9xeHLC00Gn7AyYv,,https://i.scdn.co/image/ab67616d0000b2734e0efdc61ac73da80122fb4b
0K1ddNp1ev0zdik1EzuxkT,Well Hello,https://open.spotify.com/track/0K1ddNp1ev0zdik1EzuxkT,,https://i.scdn.co/image/ab67616d0000b2732663a0ec722e8cd0a8d0b7f6
1A4a167Yf7bXEkVOqon1HK,Twistin' Matilda (And the Channel),https://open.spotify.com/track/1A4a167Yf7bXEkVOqon1HK,,https://i.scdn.co/image/ab67616d0000b273373e69d19b4c7c07690bf176
34sAPj9hCZr4f814I3MWEy,Nothing Can Divide Us,https://open.spotify.com/track/34sAPj9hCZr4f814I3MWEy,,https://i.scdn.co/image/ab67616d0000b273cd12dd55b0c00f57c56571eb
1HXaX12pA7jVuwUczy5UOd,Its Only the Beginning,https://open.spotify.com/track/1HXaX12pA7jVuwUczy5UOd,,https://i.scdn.co/image/ab67616d0000b2733c15e7f740f33a81922b80f5
2gGxroCYEruO4Bco35RnGU,S.O.S.,https://open.spotify.com/track/2gGxroCYEruO4Bco35RnGU,,https://i.scdn.co/image/ab67616d0000b273b5e240a13ba238ad4a053fff
0cVyQfDyRnMJ0V3rjjdlU3,Lil Boo Thang,https://open.spotify.com/track/0cVyQfDyRnMJ0V3rjjdlU3,,https://i.scdn.co/image/ab67616d0000b273f1304c61690f550a0d5983b1
2NELtMgQ8HSdrGrYQPLnC3,Piece by Piece,https://open.spotify.com/track/2NELtMgQ8HSdrGrYQPLnC3,,https://i.scdn.co/image/ab67616d0000b2738612619562d9e86624479ec8
6vVfNqiMSku4FrqsqhurBK,Glamorous,https://open.spotify.com/track/6vVfNqiMSku4FrqsqhurBK,,https://i.scdn.co/image/ab67616d0000b2734c62f163f672735dda3357e2
2vG1yrWSMiL6egg6w4e9ma,Free Your Mind,https://open.spotify.com/track/2vG1yrWSMiL6egg6w4e9ma,,https://i.scdn.co/image/ab67616d0000b27350638bf4b6a49dce27bc4ff5
6ZQIKSFLoonDStQchogVdC,Untouchable (Originally Performed by Taylor Swift) [Vocal Version],https://open.spotify.com/track/6ZQIKSFLoonDStQchogVdC,,https://i.scdn.co/image/ab67616d0000b273c475f58b18b4687242702a48
74Hy0E0huf9VS853otOC0m,From The Sea,https://open.spotify.com/track/74Hy0E0huf9VS853otOC0m,,https://i.scdn.co/image/ab67616d0000b2737e9073816e61ccb4dcb72421
2NjO87HyT80fsgejd3PLYW,Dance To This (feat. Ariana Grande),https://open.spotify.com/track/2NjO87HyT80fsgejd3PLYW,,https://i.scdn.co/image/ab67616d0000b273aae542061ac42ee04779fb2f
1ESxXEaYZ3CvkVqBdSHZiS,Into The Dark,https://open.spotify.com/track/1ESxXEaYZ3CvkVqBdSHZiS,,https://i.scdn.co/image/ab67616d0000b273b77411b9680509da42f83ddc
1Xhz8EjC4GChCe46aR0MFy,Happenin' All Over Again - Radio,https://open.spotify.com/track/1Xhz8EjC4GChCe46aR0MFy,,https://i.scdn.co/image/ab67616d0000b2736b39fff29de478c2a2e8b189
6UqKslmiLujULn7mpfbpaC,You've Never Been This Far Before,https://open.spotify.com/track/6UqKslmiLujULn7mpfbpaC,,https://i.scdn.co/image/ab67616d0000b273e37e2e917f39d60c7f8bfb57
2yWyFT6bW1Rd9cjVvYi4v8,Superstylin',https://open.spotify.com/track/2yWyFT6bW1Rd9cjVvYi4v8,,https://i.scdn.co/image/ab67616d0000b2730d6e6cc2e426ab9f3b33fbcc
7rojor07Wzc7w3zXOxex80,Halfway Gone,https://open.spotify.com/track/7rojor07Wzc7w3zXOxex80,,https://i.scdn.co/image/ab67616d0000b27340969b349ac21efdcb16f43f
39umHdGKfpnjY4TFtnoQ51,Too Much (feat. Usher),https://open.spotify.com/track/39umHdGKfpnjY4TFtnoQ51,,https://i.scdn.co/image/ab67616d0000b27377d85d6688b7010ce154fe0a
3g2zKo9K0MymRmkn6fXWcr,Polaroid,https://open.spotify.com/track/3g2zKo9K0MymRmkn6fXWcr,,https://i.scdn.co/image/ab67616d0000b273c0ec309aaaf1913aa78e28c0
0iyFZC2XuPdLpfQpUeli4H,Walk Right In,https://open.spotify.com/track/0iyFZC2XuPdLpfQpUeli4H,,https://i.scdn.co/image/ab67616d0000b2738d4bfca049780d5b87323e09
4rRRVHoBP8v42QdOivhhfj,Two Strong Hearts,https://open.spotify.com/track/4rRRVHoBP8v42QdOivhhfj,,https://i.scdn.co/image/ab67616d0000b2733a1db30857beb481aa6e5345
4tCtwWceOPWzenK2HAIJSb,Work from Home (feat. Ty Dolla $ign),https://open.spotify.com/track/4tCtwWceOPWzenK2HAIJSb,,https://i.scdn.co/image/ab67616d0000b273d03fa6f4e758282b7920b5c8
40rOKDgEB0PoedLUQELRFi,Hidden Agenda - New Mix,https://open.spotify.com/track/40rOKDgEB0PoedLUQELRFi,,https://i.scdn.co/image/ab67616d0000b273a407867b5c9f81b349e3312c
6F5c58TMEs1byxUstkzVeM,Roar,https://open.spotify.com/track/6F5c58TMEs1byxUstkzVeM,,https://i.scdn.co/image/ab67616d0000b27347f930accd8ac01686401fa2
5tzbM8m70V977Ezpfk8IPS,Time After Time,https://open.spotify.com/track/5tzbM8m70V977Ezpfk8IPS,,https://i.scdn.co/image/ab67616d0000b27332c62ff86bb7deeafed2d423
6W21LNLz9Sw7sUSNWMSHRu,Freak On a Leash,https://open.spotify.com/track/6W21LNLz9Sw7sUSNWMSHRu,,https://i.scdn.co/image/ab67616d0000b27350d216aebaf98e8ac9947fd5
5YDP1MSGDD5k0pm7j5KjMM,Chulu Chululu,https://open.spotify.com/track/5YDP1MSGDD5k0pm7j5KjMM,,https://i.scdn.co/image/ab67616d0000b27336a0e97c79096a2bd520026e
6t1FIJlZWTQfIZhsGjaulM,Video Killed The Radio Star,https://open.spotify.com/track/6t1FIJlZWTQfIZhsGjaulM,,https://i.scdn.co/image/ab67616d0000b27370b6cfff0487d653a8c7ce01
1mVTTCmWniYZrjHwHRqWyw,Lay Down (Candles In The Rain) - Long Version,https://open.spotify.com/track/1mVTTCmWniYZrjHwHRqWyw,,https://i.scdn.co/image/ab67616d0000b2736585cbc734f525c1b91dc55b
1QV6tiMFM6fSOKOGLMHYYg,Poker Face,https://open.spotify.com/track/1QV6tiMFM6fSOKOGLMHYYg,,https://i.scdn.co/image/ab67616d0000b273e691217483df8798445c82e2
7K5u9x1qd2WyEkTN7ntm1A,Vegas Girl,https://open.spotify.com/track/7K5u9x1qd2WyEkTN7ntm1A,,https://i.scdn.co/image/ab67616d0000b2731dbee6afbd1db38172180328
41on8RwRh22IHcChAN2gm8,American Boy (feat. Kanye West),https://open.spotify.com/track/41on8RwRh22IHcChAN2gm8,,https://i.scdn.co/image/ab67616d0000b2735288f048b151164b4cbf9f50
4V9JDRqKjN8F2HWdlEDxvI,Harder To Breathe,https://open.spotify.com/track/4V9JDRqKjN8F2HWdlEDxvI,,https://i.scdn.co/image/ab67616d0000b27392f2d790c6a97b195f66d51e
7IhsLJMqdxoo7YAZjaSMru,Dead And Gone,https://open.spotify.com/track/7IhsLJMqdxoo7YAZjaSMru,,https://i.scdn.co/image/ab67616d0000b273b6d4478c6f91f1cb2d326c78
0t414ewhjcIiuPVF3QECz2,If,https://open.spotify.com/track/0t414ewhjcIiuPVF3QECz2,,https://i.scdn.co/image/ab67616d0000b273e63518d50aff63f57d2b8ead
2DJpq0JJbGiBuQ3S5TDpPD,Truth Hurts,https://open.spotify.com/track/2DJpq0JJbGiBuQ3S5TDpPD,,https://i.scdn.co/image/ab67616d0000b27368e9160f7c5496107c576157
4zCWUhwXEgXrUY2C0hBfl2,Be Mine!,https://open.spotify.com/track/4zCWUhwXEgXrUY2C0hBfl2,,https://i.scdn.co/image/ab67616d0000b2732757897b2cb4ae27c24f260e
6ZyNjT2hYvfV5PuW84dp1E,1 Thing,https://open.spotify.com/track/6ZyNjT2hYvfV5PuW84dp1E,,https://i.scdn.co/image/ab67616d0000b27393a57795b11381004fc81c8f
44x9GdJsYmbaYRBm8ROyfL,One Way Ticket,https://open.spotify.com/track/44x9GdJsYmbaYRBm8ROyfL,,https://i.scdn.co/image/ab67616d0000b273545ea5786e54271e27cb7f7e
3YKQqwURGKQnxk9TKfq1gE,Two Faces Have I,https://open.spotify.com/track/3YKQqwURGKQnxk9TKfq1gE,,https://i.scdn.co/image/ab67616d0000b273b3e071c31c313540a2ccdcb9
0PhU6i6Kei6x0CH3jocvA3,Freedom,https://open.spotify.com/track/0PhU6i6Kei6x0CH3jocvA3,,https://i.scdn.co/image/ab67616d0000b273a2fc41b0dd6ce4f0d16a4c46
2NtqZmfRIDkXJ2YvY2Kv1F,Lido Shuffle,https://open.spotify.com/track/2NtqZmfRIDkXJ2YvY2Kv1F,,https://i.scdn.co/image/ab67616d0000b27394676ce6aa5288318b4ca52a
2DLkQzNRBgaAbCX4MscyTC,Slice of Heaven,https://open.spotify.com/track/2DLkQzNRBgaAbCX4MscyTC,,https://i.scdn.co/image/ab67616d0000b273e01d1e29118f48c4eafb6077
10pSiR20z5pY7a80uysJ3P,Stone,https://open.spotify.com/track/10pSiR20z5pY7a80uysJ3P,,https://i.scdn.co/image/ab67616d0000b2732a93bc89130a70a501dc83d5
1jeWrScZZuhw3b55T1fv4O,Tell Him (Duet with Barbra Streisand),https://open.spotify.com/track/1jeWrScZZuhw3b55T1fv4O,,https://i.scdn.co/image/ab67616d0000b273a626e7f7249adfbf2a839954
0uOKq55dztn2zNxpORp9F2,The Nips Are Getting Bigger,https://open.spotify.com/track/0uOKq55dztn2zNxpORp9F2,,https://i.scdn.co/image/ab67616d0000b27354b6fdc4237aac6a36984065
1XNvUrCop20hAWfROW1CoV,Dance Wiv Me - Radio Edit,https://open.spotify.com/track/1XNvUrCop20hAWfROW1CoV,,https://i.scdn.co/image/ab67616d0000b27324e63f84a2ab852d514549a0
0LzeivEHO16a8eBQGlpVkE,Love Shack - Edit; 2019 Remaster,https://open.spotify.com/track/0LzeivEHO16a8eBQGlpVkE,,https://i.scdn.co/image/ab67616d0000b273a26d957cb5eb9e27cef57217
5pZrTiyyerSGHUJExDCOxZ,Country Grammar (Hot Shit),https://open.spotify.com/track/5pZrTiyyerSGHUJExDCOxZ,,https://i.scdn.co/image/ab67616d0000b2733bb75f3881099847e140020b
2cGxRwrMyEAp8dEbuZaVv6,Instant Crush (feat. Julian Casablancas),https://open.spotify.com/track/2cGxRwrMyEAp8dEbuZaVv6,,https://i.scdn.co/image/ab67616d0000b2739b9b36b0e22870b9f542d937
1ezeinbhS1HhWzA8yQIzA7,Michelle,https://open.spotify.com/track/1ezeinbhS1HhWzA8yQIzA7,,https://i.scdn.co/image/ab67616d0000b2736695125f1e02be3808cf313f
56zrJ2upO5VssMnqowOZOH,Things That Make You Go Hmmm,https://open.spotify.com/track/56zrJ2upO5VssMnqowOZOH,,https://i.scdn.co/image/ab67616d0000b273d029ad5d1a40fabfae0ac7f3
2H9CKpZiLDF223BbwehpDF,Hush Hush; Hush Hush / I Will Survive - Medley,https://open.spotify.com/track/2H9CKpZiLDF223BbwehpDF,,https://i.scdn.co/image/ab67616d0000b273a8856c66d4453e3c7f8774df
1kj3ASwCuqDnzehRd3WIz3,Second Solution,https://open.spotify.com/track/1kj3ASwCuqDnzehRd3WIz3,,https://i.scdn.co/image/ab67616d0000b273049c676bbe6d94b46e4d9b6e
0SZIQOLgjT6awjwInBsSjV,You're The Best Thing,https://open.spotify.com/track/0SZIQOLgjT6awjwInBsSjV,,https://i.scdn.co/image/ab67616d0000b2739b0908b5b716dab57c2d0005
2QLEN3RVunMas7j0PHjeAT,C'mon N' Ride It (The Train),https://open.spotify.com/track/2QLEN3RVunMas7j0PHjeAT,,https://i.scdn.co/image/ab67616d0000b273f6eb72342d4ff41658c37193
4AGkYEPy8SPf0JADQNsw2q,Super Love,https://open.spotify.com/track/4AGkYEPy8SPf0JADQNsw2q,,https://i.scdn.co/image/ab67616d0000b2730138717dc69fa031dae80a4d
3c4OULLWwgRqBfA2dJtRuY,Love Is In The Air,https://open.spotify.com/track/3c4OULLWwgRqBfA2dJtRuY,,https://i.scdn.co/image/ab67616d0000b273c6cd995a8ad657da9a0c10f4
3tFECpGckFpp0HpQje78gi,Forever Young,https://open.spotify.com/track/3tFECpGckFpp0HpQje78gi,,https://i.scdn.co/image/ab67616d0000b273afe44166f2ba6223a0ed85b6
66xn6tB8s3l8uhj02OGneE,For You (Fifty Shades Freed) (& Rita Ora),https://open.spotify.com/track/66xn6tB8s3l8uhj02OGneE,,https://i.scdn.co/image/ab67616d0000b2736cd9798b6ace10ff98d1abdd
070QivFOnOdtVznpnrUMCO,Bad Habits,https://open.spotify.com/track/070QivFOnOdtVznpnrUMCO,,https://i.scdn.co/image/ab67616d0000b2735e5a4f7174a63752a5a578de
0a75KbBW12Hc8QtrD1gwAJ,I Wanna Do It with You,https://open.spotify.com/track/0a75KbBW12Hc8QtrD1gwAJ,,https://i.scdn.co/image/ab67616d0000b273c6cd995a8ad657da9a0c10f4
3RauEVgRgj1IuWdJ9fDs70,The Man,https://open.spotify.com/track/3RauEVgRgj1IuWdJ9fDs70,,https://i.scdn.co/image/ab67616d0000b273e787cffec20aa2a396a61647
1ofagnzl7oj7z1MtwGesHX,Maria,https://open.spotify.com/track/1ofagnzl7oj7z1MtwGesHX,,https://i.scdn.co/image/ab67616d0000b273635a9b3b57f504a59361a36e
3iA4foXIFpekwHyma7pRs1,Overkill,https://open.spotify.com/track/3iA4foXIFpekwHyma7pRs1,,https://i.scdn.co/image/ab67616d0000b273d6484fa762c216ccb6b0dd45
6XrWIKoIwqomse4ZmBnjQd,Life Goes On,https://open.spotify.com/track/6XrWIKoIwqomse4ZmBnjQd,,https://i.scdn.co/image/ab67616d0000b273f937fcfe85c48f3939f886af
27L8sESb3KR79asDUBu8nW,Stacy's Mom,https://open.spotify.com/track/27L8sESb3KR79asDUBu8nW,,https://i.scdn.co/image/ab67616d0000b273079e826265dffc3a8a26bac5
0ZUjPkZKjzRi6bgIuJovfY,How Can We Be Lovers,https://open.spotify.com/track/0ZUjPkZKjzRi6bgIuJovfY,,https://i.scdn.co/image/ab67616d0000b273e29b51efdf81e17c63880ef0
46LTPfvrxlgNLyIGBup4O2,Teenage Crime,https://open.spotify.com/track/46LTPfvrxlgNLyIGBup4O2,,https://i.scdn.co/image/ab67616d0000b273fbb35fef34df7e6d7bb4fc41
2a1o6ZejUi8U3wzzOtCOYw,Danza Kuduro,https://open.spotify.com/track/2a1o6ZejUi8U3wzzOtCOYw,,https://i.scdn.co/image/ab67616d0000b2734640a26eb27649006be29a94
1iola53QSlUVnceCbxr15K,Buy Me A Pony,https://open.spotify.com/track/1iola53QSlUVnceCbxr15K,,https://i.scdn.co/image/ab67616d0000b273b3a1594c9b9187a6a07e79d3
3PfERRzizJqTx0fuRmBgtH,You're so Vain,https://open.spotify.com/track/3PfERRzizJqTx0fuRmBgtH,,https://i.scdn.co/image/ab67616d0000b273d7523cde1c32f5ecd7447b6c
0C3nGIOCvSsRwc0zpAJ9Db,Got to Get It,https://open.spotify.com/track/0C3nGIOCvSsRwc0zpAJ9Db,,https://i.scdn.co/image/ab67616d0000b27355fce527065d0f792af677b9
0QdePZJfBpRIBautuT4FSx,Angels Like You,https://open.spotify.com/track/0QdePZJfBpRIBautuT4FSx,,https://i.scdn.co/image/ab67616d0000b27350061ccded678a361a2009ec
2EnaF6Nll7GTSAyaXvd2qW,Circles on the Water,https://open.spotify.com/track/2EnaF6Nll7GTSAyaXvd2qW,,https://i.scdn.co/image/ab67616d0000b273fbbb74fb0b223bb7146eb58e
3xgKCfRwbqie54nHtSLnhM,Playboy,https://open.spotify.com/track/3xgKCfRwbqie54nHtSLnhM,,https://i.scdn.co/image/ab67616d0000b273279d61161b1f748218184488
0ErrsvDylBWZeAUYbqLllv,Part-Time Lover,https://open.spotify.com/track/0ErrsvDylBWZeAUYbqLllv,,https://i.scdn.co/image/ab67616d0000b27320d7b5c90865bf7465180896
5lm8SfB4FoPbUcSDKTO8c4,Night of My Life,https://open.spotify.com/track/5lm8SfB4FoPbUcSDKTO8c4,,https://i.scdn.co/image/ab67616d0000b27318587c14aac2e0800278b1dc
6qI0MU175Dk2DeoUjlrOpy,911,https://open.spotify.com/track/6qI0MU175Dk2DeoUjlrOpy,,https://i.scdn.co/image/ab67616d0000b2736040effba89b9b00a6f6743a
3Pas9u4vk4hKEIa5OtKRFF,Total Eclipse of the Heart,https://open.spotify.com/track/3Pas9u4vk4hKEIa5OtKRFF,,https://i.scdn.co/image/ab67616d0000b27313f1437bb5d4e6788b113229
7L4NzRGuukFbw4pRylIjlN,Don't Pay The Ferryman,https://open.spotify.com/track/7L4NzRGuukFbw4pRylIjlN,,https://i.scdn.co/image/ab67616d0000b273855a98cce5aa258db61ef9a3
1LeWIs2hP2r5yOQnVuYoI5,Ain't No Mountain High Enough,https://open.spotify.com/track/1LeWIs2hP2r5yOQnVuYoI5,,https://i.scdn.co/image/ab67616d0000b27396e0b7befe3ba88f5a7d5a3f
6XZpVCFrDf2XMtyaX1Wst0,It's Too Late,https://open.spotify.com/track/6XZpVCFrDf2XMtyaX1Wst0,,https://i.scdn.co/image/ab67616d0000b27326f117ac50bc8e66ae1b78b5
2DUbzMIzQz7k28KKF2fpgo,You Don't Have to Say You Love Me,https://open.spotify.com/track/2DUbzMIzQz7k28KKF2fpgo,,https://i.scdn.co/image/ab67616d0000b2736c913d9774adb30adab567ad
6IiCb4PCrDgqLuDWgHhFi7,Inside Out (feat. Griff),https://open.spotify.com/track/6IiCb4PCrDgqLuDWgHhFi7,,https://i.scdn.co/image/ab67616d0000b273c0144e6a8931844424c1d2f0
0Oc2t0ffBfnFKthTFB87zZ,Fingertips - Original Studio Version,https://open.spotify.com/track/0Oc2t0ffBfnFKthTFB87zZ,,https://i.scdn.co/image/ab67616d0000b27312972ed2d0264bfd6e728d23
4Q0aYLHFOadFypiCpv4Rb7,Another Man (feat. Megan Joy) (feat. Megan Joy),https://open.spotify.com/track/4Q0aYLHFOadFypiCpv4Rb7,,https://i.scdn.co/image/ab67616d0000b273247a9e7f03dfab17aa93fdbe
4vHMbItY3W8VfxFuH2kQn6,I Go To Rio,https://open.spotify.com/track/4vHMbItY3W8VfxFuH2kQn6,,https://i.scdn.co/image/ab67616d0000b2731b51b668c70033f14e859173
79hJaqmVdohltPBNN6BULM,"Stayin' Alive - From ""Saturday Night Fever"" Soundtrack",https://open.spotify.com/track/79hJaqmVdohltPBNN6BULM,,https://i.scdn.co/image/ab67616d0000b273c7fc603f96d9a75ea2bfdffa
0nbXyq5TXYPCO7pr3N8S4I,The Box,https://open.spotify.com/track/0nbXyq5TXYPCO7pr3N8S4I,,https://i.scdn.co/image/ab67616d0000b273600adbc750285ea1a8da249f
3OalxlWH0v14kyBcNBMINt,Mercy,https://open.spotify.com/track/3OalxlWH0v14kyBcNBMINt,,https://i.scdn.co/image/ab67616d0000b2738a24ed638eedd60514a789ef
1OFKUn2VLafrHj7ybnap0Q,Only Wanna Be With You,https://open.spotify.com/track/1OFKUn2VLafrHj7ybnap0Q,,https://i.scdn.co/image/ab67616d0000b273820d2376b2fb84aa99823903
0TJRfA2MIIRd3tTDK9tPPf,Angels Cry Remix - Remix,https://open.spotify.com/track/0TJRfA2MIIRd3tTDK9tPPf,,https://i.scdn.co/image/ab67616d0000b273778ca59df3643b42abb96d45
7rGOWzo4evAQQ2FzrSKp0B,Tell Him - Single Version,https://open.spotify.com/track/7rGOWzo4evAQQ2FzrSKp0B,,https://i.scdn.co/image/ab67616d0000b273134320d50562d6b2dfbdd2a9
6UaRii9AH6Zss9xNMEQ2M9,Love The Way You Lie,https://open.spotify.com/track/6UaRii9AH6Zss9xNMEQ2M9,,https://i.scdn.co/image/ab67616d0000b273f20b0a39716f7958ddda8c16
1RxSnx3hSCwX2DcG9tvpbD,Gonna See My Baby Tonight,https://open.spotify.com/track/1RxSnx3hSCwX2DcG9tvpbD,,https://i.scdn.co/image/ab67616d0000b273561e570ae6839e8f2b1c7f62
7xx8JqaauSj5Ay8Efnm0hr,Broken (feat. Amy Lee),https://open.spotify.com/track/7xx8JqaauSj5Ay8Efnm0hr,,https://i.scdn.co/image/ab67616d0000b273c86d3f10ca1cf144edc3710b
1tOT50hl9UG9kGif08Fan5,Higher,https://open.spotify.com/track/1tOT50hl9UG9kGif08Fan5,,https://i.scdn.co/image/ab67616d0000b273eb0652df7fe1fddc6673d161
1qk9ujVgudgU8CyhKOx8ji,Somebody That I Used To Know,https://open.spotify.com/track/1qk9ujVgudgU8CyhKOx8ji,,https://i.scdn.co/image/ab67616d0000b2731ba0ff466c68a0977a0039bc
3APXBFJM1OTXvbsx10TgG3,Ain't Telling The Truth,https://open.spotify.com/track/3APXBFJM1OTXvbsx10TgG3,,https://i.scdn.co/image/ab67616d0000b273e24e3354bbcc703ef09aea24
3ZHfX6kbiY7JVsB63lLOLu,The Only Exception,https://open.spotify.com/track/3ZHfX6kbiY7JVsB63lLOLu,,https://i.scdn.co/image/ab67616d0000b273b9abbedc516dd297039977bd
2dC0Rl8OfpULkMvagGUwPi,Cats In The Cradle,https://open.spotify.com/track/2dC0Rl8OfpULkMvagGUwPi,,https://i.scdn.co/image/ab67616d0000b273d55b1200685266bb972c1596
0939D7aT18uBDS2MTjWzct,Higher Power,https://open.spotify.com/track/0939D7aT18uBDS2MTjWzct,,https://i.scdn.co/image/ab67616d0000b273b1092c02972b0bfd91703f75
6LoSKNsYkRQbyuiReooMjG,Sister Christian,https://open.spotify.com/track/6LoSKNsYkRQbyuiReooMjG,,https://i.scdn.co/image/ab67616d0000b273a4a3752f48cf0bb54e1dffc1
0l37J5l4eJfIdd7cea1Cl5,Everything About You,https://open.spotify.com/track/0l37J5l4eJfIdd7cea1Cl5,,https://i.scdn.co/image/ab67616d0000b2731b62da8cad32fecd70215c1b
6wmazwwzaTNFnKcyQFZsuq,Like Sister and Brother,https://open.spotify.com/track/6wmazwwzaTNFnKcyQFZsuq,,https://i.scdn.co/image/ab67616d0000b273b339cdeae56adef848d8ac2c
0FeCO85RKW8fDRytwXof2x,Go Your Own Way,https://open.spotify.com/track/0FeCO85RKW8fDRytwXof2x,,https://i.scdn.co/image/ab67616d0000b2735e66bc0df2bd18e746dbb823
4O3HRDIBChh0quFPhfDXd1,Jump,https://open.spotify.com/track/4O3HRDIBChh0quFPhfDXd1,,https://i.scdn.co/image/ab67616d0000b2737061b3d179b8b7363ffe1a50
7EmGUiUaOSGDnUUQUDrOXC,Wolves,https://open.spotify.com/track/7EmGUiUaOSGDnUUQUDrOXC,,https://i.scdn.co/image/ab67616d0000b27310368f28dac3b838770f985c
4HQ9gXAtONKs8NCM0MFUTu,Turn Up The Love,https://open.spotify.com/track/4HQ9gXAtONKs8NCM0MFUTu,,https://i.scdn.co/image/ab67616d0000b2737ebcf6afbf5e9a252767a7f7
6q92eTIDGRb2gMc9qYSxrn,Soul Revival,https://open.spotify.com/track/6q92eTIDGRb2gMc9qYSxrn,,https://i.scdn.co/image/ab67616d0000b27312ef7561b5faa6610438fb7c
0tgVpDi06FyKpA1z0VMD4v,Perfect,https://open.spotify.com/track/0tgVpDi06FyKpA1z0VMD4v,,https://i.scdn.co/image/ab67616d0000b273ba5db46f4b838ef6027e6f96
3wqoAzrr5htxSZ7KzxhLHg,Oh Sherrie,https://open.spotify.com/track/3wqoAzrr5htxSZ7KzxhLHg,,https://i.scdn.co/image/ab67616d0000b273b94e3ee28e36575492d171bb
6KPMiBhU6O9RBImTQXQNCe,Get Down (You're the One for Me) - LP Edit No Rap,https://open.spotify.com/track/6KPMiBhU6O9RBImTQXQNCe,No lyrics available,https://i.scdn.co/image/ab67616d0000b2733d16809ca253f0f476195941
0XQHz5C8PknyrEhyrKxVKa,Down (feat. Gucci Mane),https://open.spotify.com/track/0XQHz5C8PknyrEhyrKxVKa,,https://i.scdn.co/image/ab67616d0000b2737698096fb3a8beeeca3c6087
0XIvZ82aDF7JiSi3ZE320u,Rock You Like A Hurricane,https://open.spotify.com/track/0XIvZ82aDF7JiSi3ZE320u,,https://i.scdn.co/image/ab67616d0000b273ac6c2cc344c1a1990c251539
2QZvMncP3hoLfHJXq4218n,Sugar Shack,https://open.spotify.com/track/2QZvMncP3hoLfHJXq4218n,,https://i.scdn.co/image/ab67616d0000b2732c5e3e3e5eb8fb4560fee8a1
3ZffCQKLFLUvYM59XKLbVm,Wake Me up When September Ends,https://open.spotify.com/track/3ZffCQKLFLUvYM59XKLbVm,,https://i.scdn.co/image/ab67616d0000b27308a1b1e0674086d3f1995e1b
1gaebx506AU20bCJKEQUy9,I Won't Back Down,https://open.spotify.com/track/1gaebx506AU20bCJKEQUy9,,https://i.scdn.co/image/ab67616d0000b273457eecb06829fc2dede39562
5qtwzv99vOr5UTwnTixn7j,Know Your Enemy,https://open.spotify.com/track/5qtwzv99vOr5UTwnTixn7j,,https://i.scdn.co/image/ab67616d0000b273c2ced39899b0d67cd5a724fa
0iVXKGnD23wIulXZRit20N,All I Need Is A Miracle,https://open.spotify.com/track/0iVXKGnD23wIulXZRit20N,,https://i.scdn.co/image/ab67616d0000b27358322a33d8f69aae6d760ba2
4oW1lGOw5Q5OLvoJv92qoE,I Can Help,https://open.spotify.com/track/4oW1lGOw5Q5OLvoJv92qoE,,https://i.scdn.co/image/ab67616d0000b273d6c066b8cb1cf84f7f9a8ace
4TTxKh1FnnGEeGWK2s8xBa,Am I Ever Gonna See Your Face Again - Live,https://open.spotify.com/track/4TTxKh1FnnGEeGWK2s8xBa,,https://i.scdn.co/image/ab67616d0000b273590cb28ef55326e8ad3a7d11
06C1afLEMNO4hii8mbX6sq,I Like it Like That - 2019 - Remaster,https://open.spotify.com/track/06C1afLEMNO4hii8mbX6sq,,https://i.scdn.co/image/ab67616d0000b27364d1bf8a622aa77923f5e99d
0KAiuUOrLTIkzkpfpn9jb9,Drive By,https://open.spotify.com/track/0KAiuUOrLTIkzkpfpn9jb9,,https://i.scdn.co/image/ab67616d0000b273bde344cc54eedc35050f4c61
7ikgdP2UytKecFM0AXSHxy,This Is Who I Am,https://open.spotify.com/track/7ikgdP2UytKecFM0AXSHxy,,https://i.scdn.co/image/ab67616d0000b2733c067733e9a98f81880ac2a9
5J2CHimS7dWYMImCHkEFaJ,A Hard Day's Night - Remastered 2009,https://open.spotify.com/track/5J2CHimS7dWYMImCHkEFaJ,,https://i.scdn.co/image/ab67616d0000b273e230f303815e82a86713eedd
2FiceoWDJ67rrmb5tGBpgE,Ghost,https://open.spotify.com/track/2FiceoWDJ67rrmb5tGBpgE,,https://i.scdn.co/image/ab67616d0000b273512ff4274abb1477e82ffab1
0hfVBwMwUL5rVXaczWERTm,Get That Jive - 2006 Remaster,https://open.spotify.com/track/0hfVBwMwUL5rVXaczWERTm,,https://i.scdn.co/image/ab67616d0000b273a4b0aceea43b2f3d5f945a33
1XAZlnVtthcDZt2NI1Dtxo,Justified & Ancient - Stand by the Jams,https://open.spotify.com/track/1XAZlnVtthcDZt2NI1Dtxo,,https://i.scdn.co/image/ab67616d0000b27355346bc1f268730f607f9544
4F7whFNLTeLFUU73o8yO5u,Only You Can Love Me This Way,https://open.spotify.com/track/4F7whFNLTeLFUU73o8yO5u,,https://i.scdn.co/image/ab67616d0000b273208fddc6c7dec0bec4dad790
51FpzuGkRYXFgsE2zXt9av,When a Man Loves a Woman,https://open.spotify.com/track/51FpzuGkRYXFgsE2zXt9av,,https://i.scdn.co/image/ab67616d0000b2730c8a01bf197adb9859044775
